Changes made at Sat Aug  9 05:58:18 UTC 2025
Changes made at Sat Aug  9 06:00:13 UTC 2025
Changes made at Sat Aug  9 06:01:25 UTC 2025
Changes made at Sat Aug  9 06:10:34 UTC 2025
Changes made at Sat Aug  9 08:14:07 UTC 2025
Changes made at Sat Aug  9 08:15:15 UTC 2025
Changes made at Sat Aug  9 10:11:03 UTC 2025
Changes made at Sat Aug  9 14:10:13 UTC 2025
Changes made at Sat Aug  9 16:12:55 UTC 2025
Changes made at Sun Aug 10 08:14:16 UTC 2025
Changes made at Sun Aug 10 10:11:42 UTC 2025
Changes made at Sun Aug 10 14:10:09 UTC 2025
Changes made at Sun Aug 10 16:13:05 UTC 2025
Changes made at Mon Aug 11 08:18:02 UTC 2025
Changes made at Mon Aug 11 10:13:28 UTC 2025
Changes made at Mon Aug 11 14:14:02 UTC 2025
Changes made at Mon Aug 11 16:14:48 UTC 2025
Changes made at Tue Aug 12 08:16:11 UTC 2025
Changes made at Tue Aug 12 10:12:54 UTC 2025
Changes made at Tue Aug 12 14:12:10 UTC 2025
Changes made at Tue Aug 12 16:14:22 UTC 2025
Changes made at Wed Aug 13 08:15:53 UTC 2025
Changes made at Wed Aug 13 10:12:40 UTC 2025
Changes made at Wed Aug 13 14:12:39 UTC 2025
Changes made at Wed Aug 13 16:11:15 UTC 2025
Changes made at Thu Aug 14 08:16:19 UTC 2025
Changes made at Thu Aug 14 10:12:55 UTC 2025
Changes made at Thu Aug 14 14:11:48 UTC 2025
Changes made at Thu Aug 14 16:14:54 UTC 2025
Changes made at Fri Aug 15 08:15:49 UTC 2025
Changes made at Fri Aug 15 10:12:10 UTC 2025
Changes made at Fri Aug 15 14:11:20 UTC 2025
Changes made at Fri Aug 15 16:13:34 UTC 2025
Changes made at Sat Aug 16 08:13:58 UTC 2025
Changes made at Sat Aug 16 10:10:37 UTC 2025
Changes made at Sat Aug 16 14:09:18 UTC 2025
Changes made at Sat Aug 16 16:12:01 UTC 2025
Changes made at Sun Aug 17 07:54:27 UTC 2025
Changes made at Sun Aug 17 07:58:04 UTC 2025
Changes made at Sun Aug 17 08:08:37 UTC 2025
Changes made at Sun Aug 17 08:14:27 UTC 2025
Changes made at Sun Aug 17 08:16:29 UTC 2025
Changes made at Sun Aug 17 08:17:10 UTC 2025
Changes made at Sun Aug 17 10:11:08 UTC 2025
Changes made at Sun Aug 17 11:01:37 UTC 2025
Changes made at Sun Aug 17 11:04:33 UTC 2025
Changes made at Sun Aug 17 13:35:57 UTC 2025
Changes made at Sun Aug 17 23:35:04 UTC 2025
Changes made at Mon Aug 18 04:09:19 UTC 2025
Changes made at Mon Aug 18 13:49:32 UTC 2025
Changes made at Mon Aug 18 23:32:04 UTC 2025
Changes made at Tue Aug 19 03:34:17 UTC 2025
Changes made at Tue Aug 19 04:44:21 UTC 2025
Changes made at Tue Aug 19 13:38:51 UTC 2025
Changes made at Tue Aug 19 23:31:52 UTC 2025
Changes made at Wed Aug 20 03:35:09 UTC 2025
Changes made at Wed Aug 20 04:46:30 UTC 2025
Changes made at Wed Aug 20 13:43:07 UTC 2025
Changes made at Wed Aug 20 23:30:55 UTC 2025
Changes made at Thu Aug 21 03:34:16 UTC 2025
Changes made at Thu Aug 21 04:45:41 UTC 2025
Changes made at Thu Aug 21 13:41:39 UTC 2025
Changes made at Thu Aug 21 23:31:10 UTC 2025
Changes made at Fri Aug 22 03:32:52 UTC 2025
Changes made at Fri Aug 22 04:43:21 UTC 2025
Changes made at Fri Aug 22 13:36:26 UTC 2025
Changes made at Fri Aug 22 23:31:06 UTC 2025
Changes made at Sat Aug 23 03:29:20 UTC 2025
Changes made at Sat Aug 23 04:43:31 UTC 2025
Changes made at Sat Aug 23 13:17:20 UTC 2025
Changes made at Sat Aug 23 23:31:01 UTC 2025
Changes made at Sun Aug 24 03:52:17 UTC 2025
Changes made at Sun Aug 24 04:47:17 UTC 2025
Changes made at Sun Aug 24 13:20:48 UTC 2025
Changes made at Sun Aug 24 23:35:57 UTC 2025
Changes made at Mon Aug 25 03:51:45 UTC 2025
Changes made at Mon Aug 25 04:50:27 UTC 2025
Changes made at Mon Aug 25 13:42:08 UTC 2025
Changes made at Mon Aug 25 23:32:33 UTC 2025
Changes made at Tue Aug 26 03:34:08 UTC 2025
Changes made at Tue Aug 26 04:44:08 UTC 2025
Changes made at Tue Aug 26 13:44:34 UTC 2025
Changes made at Tue Aug 26 23:29:15 UTC 2025
Changes made at Wed Aug 27 03:25:58 UTC 2025
Changes made at Wed Aug 27 04:42:16 UTC 2025
Changes made at Wed Aug 27 13:35:48 UTC 2025
Changes made at Wed Aug 27 23:28:54 UTC 2025
Changes made at Thu Aug 28 03:26:27 UTC 2025
Changes made at Thu Aug 28 04:41:49 UTC 2025
Changes made at Thu Aug 28 13:37:23 UTC 2025
Changes made at Thu Aug 28 23:29:50 UTC 2025
Changes made at Fri Aug 29 03:25:43 UTC 2025
Changes made at Fri Aug 29 04:41:36 UTC 2025
Changes made at Fri Aug 29 13:34:18 UTC 2025
Changes made at Fri Aug 29 23:28:56 UTC 2025
Changes made at Sat Aug 30 03:10:24 UTC 2025
Changes made at Sat Aug 30 04:38:35 UTC 2025
Changes made at Sat Aug 30 13:04:59 UTC 2025
Changes made at Sat Aug 30 23:30:17 UTC 2025
Changes made at Sun Aug 31 03:29:04 UTC 2025
Changes made at Sun Aug 31 04:40:04 UTC 2025
Changes made at Sun Aug 31 13:12:46 UTC 2025
Changes made at Sun Aug 31 23:29:28 UTC 2025
Changes made at Mon Sep  1 03:56:16 UTC 2025
Changes made at Mon Sep  1 04:49:41 UTC 2025
Changes made at Mon Sep  1 13:37:01 UTC 2025
Changes made at Mon Sep  1 23:29:57 UTC 2025
Changes made at Tue Sep  2 03:30:36 UTC 2025
Changes made at Tue Sep  2 04:43:51 UTC 2025
Changes made at Tue Sep  2 13:38:34 UTC 2025
Changes made at Tue Sep  2 23:26:58 UTC 2025
Changes made at Wed Sep  3 03:07:22 UTC 2025
Changes made at Wed Sep  3 04:40:08 UTC 2025
Changes made at Wed Sep  3 13:33:46 UTC 2025
Changes made at Wed Sep  3 23:27:43 UTC 2025
Changes made at Thu Sep  4 03:08:29 UTC 2025
Changes made at Thu Sep  4 04:39:49 UTC 2025
Changes made at Thu Sep  4 13:18:01 UTC 2025
Changes made at Thu Sep  4 23:28:08 UTC 2025
Changes made at Fri Sep  5 03:20:14 UTC 2025
Changes made at Fri Sep  5 04:40:09 UTC 2025
Changes made at Fri Sep  5 13:33:00 UTC 2025
Changes made at Fri Sep  5 23:28:10 UTC 2025
Changes made at Sat Sep  6 03:07:31 UTC 2025
Changes made at Sat Sep  6 04:38:10 UTC 2025
Changes made at Sat Sep  6 13:02:08 UTC 2025
Changes made at Sat Sep  6 23:26:21 UTC 2025
Changes made at Sun Sep  7 03:24:04 UTC 2025
Changes made at Sun Sep  7 04:38:00 UTC 2025
Changes made at Sun Sep  7 13:03:09 UTC 2025
Changes made at Sun Sep  7 23:26:49 UTC 2025
Changes made at Mon Sep  8 03:30:38 UTC 2025
Changes made at Mon Sep  8 04:41:52 UTC 2025
Changes made at Mon Sep  8 13:38:52 UTC 2025
Changes made at Mon Sep  8 23:29:37 UTC 2025
Changes made at Tue Sep  9 03:23:53 UTC 2025
Changes made at Tue Sep  9 04:41:15 UTC 2025
Changes made at Tue Sep  9 13:42:33 UTC 2025
Changes made at Tue Sep  9 23:26:42 UTC 2025
Changes made at Wed Sep 10 03:07:27 UTC 2025
Changes made at Wed Sep 10 04:37:42 UTC 2025
Changes made at Wed Sep 10 13:19:03 UTC 2025
Changes made at Wed Sep 10 23:28:05 UTC 2025
Changes made at Thu Sep 11 03:22:31 UTC 2025
Changes made at Thu Sep 11 04:40:25 UTC 2025
Changes made at Thu Sep 11 13:16:23 UTC 2025
Changes made at Thu Sep 11 23:28:00 UTC 2025
Changes made at Fri Sep 12 03:07:12 UTC 2025
Changes made at Fri Sep 12 04:37:44 UTC 2025
Changes made at Fri Sep 12 13:15:47 UTC 2025
Changes made at Fri Sep 12 23:26:31 UTC 2025
Changes made at Sat Sep 13 02:59:32 UTC 2025
Changes made at Sat Sep 13 04:36:14 UTC 2025
Changes made at Sat Sep 13 13:09:55 UTC 2025
Changes made at Sat Sep 13 23:26:22 UTC 2025
Changes made at Sun Sep 14 03:23:59 UTC 2025
Changes made at Sun Sep 14 04:37:18 UTC 2025
Changes made at Sun Sep 14 13:02:09 UTC 2025
Changes made at Sun Sep 14 23:26:49 UTC 2025
Changes made at Mon Sep 15 03:31:59 UTC 2025
Changes made at Mon Sep 15 04:42:32 UTC 2025
Changes made at Mon Sep 15 13:33:23 UTC 2025
Changes made at Mon Sep 15 23:27:00 UTC 2025
Changes made at Tue Sep 16 03:10:08 UTC 2025
Changes made at Tue Sep 16 04:40:02 UTC 2025
Changes made at Tue Sep 16 13:35:55 UTC 2025
Changes made at Tue Sep 16 23:19:44 UTC 2025
Changes made at Wed Sep 17 02:23:24 UTC 2025
Changes made at Wed Sep 17 04:30:09 UTC 2025
Changes made at Wed Sep 17 12:54:12 UTC 2025
Changes made at Wed Sep 17 23:22:20 UTC 2025
Changes made at Thu Sep 18 02:23:47 UTC 2025
Changes made at Thu Sep 18 04:30:25 UTC 2025
Changes made at Thu Sep 18 12:52:54 UTC 2025
Changes made at Thu Sep 18 23:22:53 UTC 2025
Changes made at Fri Sep 19 02:35:58 UTC 2025
Changes made at Fri Sep 19 04:29:59 UTC 2025
Changes made at Fri Sep 19 12:53:10 UTC 2025
Changes made at Fri Sep 19 23:22:34 UTC 2025
Changes made at Sat Sep 20 02:21:06 UTC 2025
Changes made at Sat Sep 20 04:29:02 UTC 2025
Changes made at Sat Sep 20 12:48:41 UTC 2025
Changes made at Sat Sep 20 23:21:37 UTC 2025
Changes made at Sun Sep 21 02:42:33 UTC 2025
Changes made at Sun Sep 21 04:29:40 UTC 2025
Changes made at Sun Sep 21 12:48:26 UTC 2025
Changes made at Sun Sep 21 23:22:35 UTC 2025
Changes made at Mon Sep 22 02:42:33 UTC 2025
Changes made at Mon Sep 22 04:30:44 UTC 2025
Changes made at Mon Sep 22 12:55:25 UTC 2025
Changes made at Mon Sep 22 23:22:50 UTC 2025
Changes made at Tue Sep 23 02:23:53 UTC 2025
Changes made at Tue Sep 23 04:30:06 UTC 2025
Changes made at Tue Sep 23 12:53:26 UTC 2025
Changes made at Tue Sep 23 23:22:30 UTC 2025
Changes made at Wed Sep 24 02:25:15 UTC 2025
Changes made at Wed Sep 24 04:29:59 UTC 2025
Changes made at Wed Sep 24 12:54:15 UTC 2025
Changes made at Wed Sep 24 23:23:02 UTC 2025
Changes made at Thu Sep 25 02:36:42 UTC 2025
Changes made at Thu Sep 25 04:30:20 UTC 2025
Changes made at Thu Sep 25 12:55:22 UTC 2025
Changes made at Thu Sep 25 23:22:38 UTC 2025
Changes made at Fri Sep 26 02:26:02 UTC 2025
Changes made at Fri Sep 26 04:30:31 UTC 2025
Changes made at Fri Sep 26 12:53:49 UTC 2025
Changes made at Fri Sep 26 23:22:34 UTC 2025
Changes made at Sat Sep 27 02:21:00 UTC 2025
Changes made at Sat Sep 27 04:29:37 UTC 2025
Changes made at Sat Sep 27 12:47:56 UTC 2025
Changes made at Sat Sep 27 23:21:47 UTC 2025
Changes made at Sun Sep 28 02:43:09 UTC 2025
Changes made at Sun Sep 28 04:29:41 UTC 2025
Changes made at Sun Sep 28 12:48:34 UTC 2025
Changes made at Sun Sep 28 23:22:14 UTC 2025
Changes made at Mon Sep 29 02:39:07 UTC 2025
Changes made at Mon Sep 29 04:31:28 UTC 2025
Changes made at Mon Sep 29 12:56:10 UTC 2025
Changes made at Mon Sep 29 23:23:01 UTC 2025
Changes made at Tue Sep 30 02:24:16 UTC 2025
Changes made at Tue Sep 30 04:30:49 UTC 2025
Changes made at Tue Sep 30 12:56:03 UTC 2025
Changes made at Tue Sep 30 23:22:43 UTC 2025
Changes made at Wed Oct  1 02:46:03 UTC 2025
Changes made at Wed Oct  1 04:31:29 UTC 2025
Changes made at Wed Oct  1 12:56:12 UTC 2025
Changes made at Wed Oct  1 23:22:29 UTC 2025
Changes made at Thu Oct  2 02:23:23 UTC 2025
Changes made at Thu Oct  2 04:29:48 UTC 2025
Changes made at Thu Oct  2 12:51:57 UTC 2025
Changes made at Thu Oct  2 23:22:16 UTC 2025
Changes made at Fri Oct  3 02:22:48 UTC 2025
Changes made at Fri Oct  3 04:29:28 UTC 2025
Changes made at Fri Oct  3 12:52:00 UTC 2025
Changes made at Fri Oct  3 23:21:43 UTC 2025
Changes made at Sat Oct  4 02:18:28 UTC 2025
Changes made at Sat Oct  4 04:28:53 UTC 2025
Changes made at Sat Oct  4 12:47:47 UTC 2025
Changes made at Sat Oct  4 23:22:34 UTC 2025
Changes made at Sun Oct  5 02:42:35 UTC 2025
Changes made at Sun Oct  5 04:27:57 UTC 2025
Changes made at Sun Oct  5 12:48:27 UTC 2025
Changes made at Sun Oct  5 23:20:45 UTC 2025
Changes made at Mon Oct  6 02:36:54 UTC 2025
Changes made at Mon Oct  6 04:29:50 UTC 2025
Changes made at Mon Oct  6 12:55:25 UTC 2025
Changes made at Mon Oct  6 23:23:06 UTC 2025
Changes made at Tue Oct  7 02:24:19 UTC 2025
Changes made at Tue Oct  7 04:30:34 UTC 2025
Changes made at Tue Oct  7 12:55:01 UTC 2025
Changes made at Tue Oct  7 23:22:35 UTC 2025
Changes made at Wed Oct  8 02:23:54 UTC 2025
Changes made at Wed Oct  8 04:30:33 UTC 2025
Changes made at Wed Oct  8 12:55:23 UTC 2025
Changes made at Wed Oct  8 23:23:05 UTC 2025
Changes made at Thu Oct  9 02:26:04 UTC 2025
Changes made at Thu Oct  9 04:30:48 UTC 2025
Changes made at Thu Oct  9 12:55:09 UTC 2025
Changes made at Thu Oct  9 23:23:07 UTC 2025
Changes made at Fri Oct 10 02:26:03 UTC 2025
Changes made at Fri Oct 10 04:30:25 UTC 2025
Changes made at Fri Oct 10 12:53:44 UTC 2025
Changes made at Fri Oct 10 23:22:07 UTC 2025
Changes made at Sat Oct 11 02:21:09 UTC 2025
Changes made at Sat Oct 11 04:28:37 UTC 2025
Changes made at Sat Oct 11 12:47:52 UTC 2025
Changes made at Sat Oct 11 23:22:23 UTC 2025
Changes made at Sun Oct 12 02:37:53 UTC 2025
Changes made at Sun Oct 12 04:29:02 UTC 2025
Changes made at Sun Oct 12 12:48:16 UTC 2025
Changes made at Sun Oct 12 23:22:07 UTC 2025
Changes made at Mon Oct 13 02:44:09 UTC 2025
Changes made at Mon Oct 13 04:31:59 UTC 2025
Changes made at Mon Oct 13 12:55:19 UTC 2025
Changes made at Mon Oct 13 23:22:21 UTC 2025
Changes made at Tue Oct 14 02:35:34 UTC 2025
Changes made at Tue Oct 14 04:30:48 UTC 2025
Changes made at Tue Oct 14 12:57:13 UTC 2025
Changes made at Tue Oct 14 23:23:46 UTC 2025
Changes made at Wed Oct 15 02:39:59 UTC 2025
Changes made at Wed Oct 15 04:30:49 UTC 2025
Changes made at Wed Oct 15 12:57:02 UTC 2025
Changes made at Wed Oct 15 23:23:16 UTC 2025
Changes made at Thu Oct 16 02:37:41 UTC 2025
Changes made at Thu Oct 16 04:30:22 UTC 2025
Changes made at Thu Oct 16 12:56:40 UTC 2025
Changes made at Thu Oct 16 23:20:46 UTC 2025
Changes made at Fri Oct 17 02:36:46 UTC 2025
Changes made at Fri Oct 17 04:31:16 UTC 2025
Changes made at Fri Oct 17 12:54:52 UTC 2025
Changes made at Fri Oct 17 23:22:51 UTC 2025
Changes made at Sat Oct 18 02:22:05 UTC 2025
Changes made at Sat Oct 18 04:29:13 UTC 2025
Changes made at Sat Oct 18 12:49:32 UTC 2025
Changes made at Sat Oct 18 23:22:37 UTC 2025
Changes made at Sun Oct 19 02:49:36 UTC 2025
Changes made at Sun Oct 19 04:31:17 UTC 2025
Changes made at Sun Oct 19 12:49:19 UTC 2025
Changes made at Sun Oct 19 23:23:23 UTC 2025
Changes made at Mon Oct 20 02:48:48 UTC 2025
Changes made at Mon Oct 20 04:32:36 UTC 2025
Changes made at Mon Oct 20 12:56:02 UTC 2025
Changes made at Mon Oct 20 23:23:23 UTC 2025
Changes made at Tue Oct 21 02:40:28 UTC 2025
Changes made at Tue Oct 21 04:31:38 UTC 2025
Changes made at Tue Oct 21 12:57:58 UTC 2025
Changes made at Tue Oct 21 23:24:44 UTC 2025
Changes made at Wed Oct 22 02:44:41 UTC 2025
Changes made at Wed Oct 22 04:31:57 UTC 2025
Changes made at Wed Oct 22 12:58:59 UTC 2025
Changes made at Wed Oct 22 23:22:34 UTC 2025
Changes made at Thu Oct 23 02:38:51 UTC 2025
Changes made at Thu Oct 23 04:30:57 UTC 2025
Changes made at Thu Oct 23 12:57:38 UTC 2025
Changes made at Thu Oct 23 23:22:56 UTC 2025
Changes made at Fri Oct 24 02:25:57 UTC 2025
Changes made at Fri Oct 24 04:30:53 UTC 2025
Changes made at Fri Oct 24 12:56:48 UTC 2025
Changes made at Fri Oct 24 23:23:48 UTC 2025
Changes made at Sat Oct 25 02:36:47 UTC 2025
Changes made at Sat Oct 25 04:29:10 UTC 2025
Changes made at Sat Oct 25 12:48:53 UTC 2025
Changes made at Sat Oct 25 23:22:15 UTC 2025
Changes made at Sun Oct 26 02:44:30 UTC 2025
Changes made at Sun Oct 26 04:30:17 UTC 2025
Changes made at Sun Oct 26 12:50:32 UTC 2025
Changes made at Sun Oct 26 23:23:51 UTC 2025
Changes made at Mon Oct 27 02:52:45 UTC 2025
Changes made at Mon Oct 27 04:36:35 UTC 2025
Changes made at Mon Oct 27 12:57:45 UTC 2025
Changes made at Mon Oct 27 23:23:57 UTC 2025
Changes made at Tue Oct 28 02:41:18 UTC 2025
Changes made at Tue Oct 28 04:31:41 UTC 2025
Changes made at Tue Oct 28 12:56:01 UTC 2025
Changes made at Tue Oct 28 23:25:04 UTC 2025
Changes made at Wed Oct 29 02:48:53 UTC 2025
Changes made at Wed Oct 29 04:34:25 UTC 2025
Changes made at Wed Oct 29 12:58:13 UTC 2025
Changes made at Wed Oct 29 23:25:11 UTC 2025
Changes made at Thu Oct 30 02:45:51 UTC 2025
Changes made at Thu Oct 30 04:31:15 UTC 2025
Changes made at Thu Oct 30 12:56:25 UTC 2025
Changes made at Thu Oct 30 23:24:11 UTC 2025
Changes made at Fri Oct 31 02:44:29 UTC 2025
Changes made at Fri Oct 31 04:33:14 UTC 2025
Changes made at Fri Oct 31 12:55:41 UTC 2025
Changes made at Fri Oct 31 23:23:56 UTC 2025
Changes made at Sat Nov  1 02:45:55 UTC 2025
Changes made at Sat Nov  1 04:29:31 UTC 2025
Changes made at Sat Nov  1 12:49:56 UTC 2025
Changes made at Sat Nov  1 23:23:04 UTC 2025
Changes made at Sun Nov  2 02:48:56 UTC 2025
Changes made at Sun Nov  2 04:31:03 UTC 2025
Changes made at Sun Nov  2 12:49:25 UTC 2025
Changes made at Sun Nov  2 23:23:29 UTC 2025
Changes made at Mon Nov  3 02:50:19 UTC 2025
Changes made at Mon Nov  3 04:35:35 UTC 2025
Changes made at Mon Nov  3 12:56:51 UTC 2025
Changes made at Mon Nov  3 23:25:12 UTC 2025
Changes made at Tue Nov  4 02:45:06 UTC 2025
Changes made at Tue Nov  4 04:31:38 UTC 2025
Changes made at Tue Nov  4 13:00:27 UTC 2025
Changes made at Tue Nov  4 23:25:07 UTC 2025
Changes made at Wed Nov  5 02:45:19 UTC 2025
Changes made at Wed Nov  5 04:32:11 UTC 2025
Changes made at Wed Nov  5 12:57:24 UTC 2025
Changes made at Wed Nov  5 23:25:49 UTC 2025
Changes made at Thu Nov  6 02:47:08 UTC 2025
Changes made at Thu Nov  6 04:34:44 UTC 2025
Changes made at Thu Nov  6 12:56:58 UTC 2025
Changes made at Thu Nov  6 23:25:06 UTC 2025
Changes made at Fri Nov  7 02:44:43 UTC 2025
Changes made at Fri Nov  7 04:31:29 UTC 2025
Changes made at Fri Nov  7 12:55:17 UTC 2025
Changes made at Fri Nov  7 23:23:55 UTC 2025
Changes made at Sat Nov  8 02:36:25 UTC 2025
Changes made at Sat Nov  8 04:30:22 UTC 2025
Changes made at Sat Nov  8 12:49:57 UTC 2025
Changes made at Sat Nov  8 23:23:27 UTC 2025
Changes made at Sun Nov  9 02:47:09 UTC 2025
Changes made at Sun Nov  9 04:30:57 UTC 2025
Changes made at Sun Nov  9 12:50:11 UTC 2025
Changes made at Sun Nov  9 23:23:50 UTC 2025
Changes made at Mon Nov 10 02:51:48 UTC 2025
Changes made at Mon Nov 10 04:34:37 UTC 2025
Changes made at Mon Nov 10 12:58:19 UTC 2025
Changes made at Mon Nov 10 23:25:26 UTC 2025
Changes made at Tue Nov 11 02:47:12 UTC 2025
Changes made at Tue Nov 11 04:33:02 UTC 2025
Changes made at Tue Nov 11 12:56:54 UTC 2025
Changes made at Tue Nov 11 23:25:01 UTC 2025
Changes made at Wed Nov 12 02:45:45 UTC 2025
Changes made at Wed Nov 12 04:33:07 UTC 2025
Changes made at Wed Nov 12 12:59:00 UTC 2025
Changes made at Wed Nov 12 23:26:02 UTC 2025
Changes made at Thu Nov 13 02:48:25 UTC 2025
Changes made at Thu Nov 13 04:33:23 UTC 2025
Changes made at Thu Nov 13 12:58:54 UTC 2025
Changes made at Thu Nov 13 23:25:48 UTC 2025
Changes made at Fri Nov 14 02:46:37 UTC 2025
Changes made at Fri Nov 14 04:32:08 UTC 2025
Changes made at Fri Nov 14 12:55:56 UTC 2025
Changes made at Fri Nov 14 23:25:25 UTC 2025
Changes made at Sat Nov 15 02:40:55 UTC 2025
Changes made at Sat Nov 15 04:30:49 UTC 2025
Changes made at Sat Nov 15 12:50:46 UTC 2025
Changes made at Sat Nov 15 23:24:00 UTC 2025
Changes made at Sun Nov 16 02:51:36 UTC 2025
Changes made at Sun Nov 16 04:33:28 UTC 2025
Changes made at Sun Nov 16 12:50:30 UTC 2025
Changes made at Sun Nov 16 23:24:29 UTC 2025
Changes made at Mon Nov 17 02:48:51 UTC 2025
Changes made at Mon Nov 17 04:34:28 UTC 2025
Changes made at Mon Nov 17 12:57:46 UTC 2025
Changes made at Mon Nov 17 23:26:03 UTC 2025
Changes made at Tue Nov 18 02:45:53 UTC 2025
Changes made at Tue Nov 18 04:33:23 UTC 2025
Changes made at Tue Nov 18 12:57:45 UTC 2025
Changes made at Tue Nov 18 23:25:33 UTC 2025
Changes made at Wed Nov 19 02:46:19 UTC 2025
Changes made at Wed Nov 19 04:33:00 UTC 2025
Changes made at Wed Nov 19 12:57:46 UTC 2025
Changes made at Wed Nov 19 23:25:24 UTC 2025
Changes made at Thu Nov 20 02:44:24 UTC 2025
Changes made at Thu Nov 20 04:31:51 UTC 2025
Changes made at Thu Nov 20 12:56:16 UTC 2025
Changes made at Thu Nov 20 23:25:18 UTC 2025
